diced tomatoes with green chilies,Pantry,,33
chipotle peppers in adobo sauce,Pantry,,31
refrigerated cheese tortellini,Snacks & Dips,,30
frontera roasted tomato salsa,Pantry,,29
canned great northern bean,Pantry,,26
dried great northern bean,Pantry,,25
cranberry juice cocktail,Beverages,,24
old-fashioned rolled oat,Pantry,,24
unsweetened coconut milk,Pantry,,24
chipotle chile in adobo,Pantry,,23
frontera chipotle salsa,Pantry,,23
vegetable bouillon cube,Pantry,,23
canned cannellini bean,Pantry,,22
canned red kidney bean,Pantry,,22
cream of mushroom soup,Pantry,,22
white balsamic vinegar,Pantry,,22
whole wheat breadcrumb,Pantry,,22
aged balsamic vinegar,Pantry,,21
asian sesame dressing,Pantry,,21
caesar salad dressing,Pantry,,21
canned water chestnut,Pantry,,21
cream of chicken soup,Pantry,,21
dried cannellini bean,Pantry,,21
evaporated cane juice,Pantry,,21
green enchilada sauce,Pantry,,21
ground cayenne pepper,Spices and Seasonings,,21
jalapeno chile pepper,Pantry,,21
pickled mustard green,Pantry,,21
whole cranberry sauce,Pantry,,21
whole wheat spaghetti,Pantry,,21
balsamic vinaigrette,Pantry,,20
braggs liquid aminos,Pantry,,20
canned albacore tuna,Pantry,,20
cream of celery soup,Pantry,,20
fermented black bean,Pantry,,20
japanese seven spice,Pantry,,20
orange blossom honey,Pantry,,20
prepared pizza crust,Pantry,,20
quick cooking barley,Pantry,,20
roasted pumpkin seed,Snacks & Dips,,20
tamarind concentrate,Pantry,,20
tuna packed in water,Pantry,,20
whole wheat tortilla,Bread & Bakery,,20
worcestershire sauce,Pantry,,20
apple cider vinegar,Pantry,,19
canned diced tomato,Pantry,,19
canned tomato sauce,Pantry,,19
canned whole tomato,Pantry,,19
cheddar cheese soup,Pantry,,19
crystallized ginger,Pantry,,19
fire roasted tomato,Pantry,,19
great northern bean,Pantry,,19
honey dijon mustard,Pantry,,19
korean bbq marinade,Pantry,,19
marinated artichoke,Pantry,,19
orange flower water,Pantry,,19
pink himalayan salt,Pantry,,19
pomegranate molasse,Pantry,,19
roasted chili paste,Pantry,,19
sherry wine vinegar,Pantry,,19
spicy brown mustard,Pantry,,19
spring roll wrapper,Pantry,,19
brown basmati rice,Pantry,,18
buttermilk biscuit,Snacks & Dips,,18
cabernet sauvignon,Pantry,,18
canned kidney bean,Pantry,,18
chinese five spice,Pantry,,18
chipotles in adobo,Pantry,,18
corn tortilla chip,Snacks & Dips,,18
diced green chiles,Pantry,,18
dried chili pepper,Spices and Seasonings,,18
dry onion soup mix,Pantry,,18
herbes de provence,Spices and Seasonings,,18
puffed rice cereal,Pantry,,18
roasted red pepper,Pantry,,18
roasted wasabi pea,Pantry,,18
rotisserie chicken,Meat,,18
shichimi togarashi,Pantry,,18
soy protein powder,Pantry,,18
sprouted mung bean,Pantry,,18
taco seasoning mix,Pantry,,18
unsalted pistachio,Snacks & Dips,,18
white wine vinegar,Pantry,,18
yellow curry paste,Pantry,,18
all purpose flour,Pantry,,17
andouille sausage,Meat,,17
canned black bean,Pantry,,17
canned pinto bean,Pantry,,17
canned white bean,Pantry,,17
catalina dressing,Pantry,,17
cellophane noodle,Pantry,,17
champagne vinegar,Pantry,,17
cheese tortellini,Snacks & Dips,,17
chicken drumstick,Meat,,17
chipotle in adobo,Pantry,,17
coleslaw dressing,Pantry,,17
distilled vinegar,Pantry,,17
dried blueberries,Snacks & Dips,,17
five spice powder,Pantry,,17
grain spelt flour,Pantry,,17
green curry paste,Pantry,,17
italian seasoning,Spices and Seasonings,,17
makrut lime leave,Pantry,,17
medium grain rice,Pantry,,17
old bay seasoning,Spices and Seasonings,,17
old-fashioned oat,Pantry,,17
peanut butter cup,Snacks & Dips,,17
pomegranate juice,Beverages,,17
puff pastry dough,Frozen,,17
pumpkin pie spice,Spices and Seasonings,,17
quick cooking oat,Pantry,,17
raspberry vinegar,Pantry,,17
roasted pistachio,Snacks & Dips,,17
sweet chili sauce,Pantry,,17
thai chili pepper,Pantry,,17
thai peanut sauce,Pantry,,17
tuna in olive oil,Pantry,,17
whole wheat bread,Bread & Bakery,,17
whole wheat pasta,Pantry,,17
whole wheat penne,Pantry,,17
agar agar powder,Pantry,,16
angel hair pasta,Pantry,,16
apricot preserve,Pantry,,16
balsamic vinegar,Pantry,,16
black bean sauce,Pantry,,16
boil-in-bag rice,Pantry,,16
brown rice syrup,Pantry,,16
canned anchovies,Pantry,,16
canned navy bean,Pantry,,16
chicken bouillon,Pantry,,16
chow mein noodle,Pantry,,16
clarified butter,Pantry,,16
cream of coconut,Pantry,,16
creole seasoning,Spices and Seasonings,,16
dried red lentil,Pantry,,16
dried white bean,Pantry,,16
dumpling wrapper,Frozen,,16
egg roll wrapper,Frozen,,16
gingersnap crumb,Snacks & Dips,,16
grapefruit juice,Beverages,,16
ground coriander,Spices and Seasonings,,16
italian dressing,Pantry,,16
kaffir lime leaf,Pantry,,16
mung bean noodle,Pantry,,16
mung bean sprout,Produce,,16
orange marmalade,Pantry,,16
pickled jalapeno,Pantry,,16
pumpkin seed oil,Pantry,,16
raw pumpkin seed,Snacks & Dips,,16
red pepper flake,Spices and Seasonings,,16
red wine vinegar,Pantry,,16
short grain rice,Pantry,,16
tamari soy sauce,Pantry,,16
tarragon vinegar,Pantry,,16
thai curry paste,Pantry,,16
ume plum vinegar,Pantry,,16
virgin olive oil,Pantry,,16
aloe vera juice,Beverages,,15
bean curd sheet,Pantry,,15
blanched almond,Snacks & Dips,,15
brussels sprout,Produce,,15
cajun seasoning,Spices and Seasonings,,15
cannellini bean,Pantry,,15
chicken sausage,Meat,,15
chipotle powder,Spices and Seasonings,,15
corkscrew pasta,Pantry,,15
cranberry juice,Beverages,,15
cream of tartar,Spices and Seasonings,,15
dandelion green,Produce,,15
english mustard,Pantry,,15
evaporated milk,Pantry,,15
flounder fillet,Seafood,,15
ground cinnamon,Spices and Seasonings,,15
ground turmeric,Spices and Seasonings,,15
guajillo pepper,Pantry,,15
habanero pepper,Produce,,15
iceberg lettuce,Produce,,15
italian sausage,Meat,,15
jalapeno pepper,Produce,,15
littleneck clam,Seafood,,15
long grain rice,Pantry,,15
mandarin orange,Pantry,,15
monkfish fillet,Seafood,,15
pecorino romano,Dairy & Eggs,,15
pineapple chunk,Pantry,,15
pineapple juice,Beverages,,15
piquillo pepper,Pantry,,15
pork tenderloin,Meat,,15
preserved lemon,Pantry,,15
pumpkin pie mix,Pantry,,15
red curry paste,Pantry,,15
rice vermicelli,Pantry,,15
saltine cracker,Snacks & Dips,,15
sesame dressing,Pantry,,15
shirataki pasta,Pantry,,15
soy bean sprout,Produce,,15
spanish chorizo,Meat,,15
sparkling water,Beverages,,15
squid ink pasta,Pantry,,15
stinging nettle,Pantry,,15
tangerine juice,Beverages,,15
thai fish sauce,Pantry,,15
turbinado sugar,Pantry,,15
unsalted butter,Dairy & Eggs,,15
unsalted peanut,Snacks & Dips,,15
vanilla extract,Pantry,,15
vegetable broth,Pantry,,15
vegetable juice,Beverages,,15
vegetable stock,Pantry,,15
whipped topping,Dairy & Eggs,,15
white asparagus,Produce,,15
won ton wrapper,Frozen,,15
almond extract,Pantry,,14
amaranth flour,Pantry,,14
apricot nectar,Beverages,,14
baby lima bean,Pantry,,14
balsamic glaze,Pantry,,14
banana blossom,Produce,,14
barbecue sauce,Pantry,,14
beef short rib,Meat,,14
belgian endive,Produce,,14
black-eyed pea,Pantry,,14
bottled garlic,Pantry,,14
candied ginger,Pantry,,14
canned chicken,Pantry,,14
canned pumpkin,Pantry,,14
carnaroli rice,Pantry,,14
cheese ravioli,Frozen,,14
chicken breast,Meat,,14
chipotle chile,Spices and Seasonings,,14
chipotle chili,Pantry,,14
chocolate chip,Pantry,,14
ciabatta bread,Bread & Bakery,,14
coconut butter,Pantry,,14
coffee liqueur,Pantry,,14
condensed milk,Pantry,,14
coriander seed,Spices and Seasonings,,14
cranberry bean,Pantry,,14
creole mustard,Pantry,,14
crushed tomato,Pantry,,14
dark chocolate,Snacks & Dips,,14
demerara sugar,Pantry,,14
dried cherries,Snacks & Dips,,14
dulce de leche,Pantry,,14
dungeness crab,Seafood,,14
egg substitute,Pantry,,14
elbow macaroni,Pantry,,14
english muffin,Bread & Bakery,,14
farfalle pasta,Pantry,,14
fenugreek seed,Pantry,,14
flour tortilla,Pantry,,14
graham cracker,Snacks & Dips,,14
grape seed oil,Pantry,,14
ground chicken,Meat,,14
ground mustard,Spices and Seasonings,,14
guajillo chile,Pantry,,14
halibut fillet,Seafood,,14
jalapeno chile,Pantry,,14
jerk seasoning,Spices and Seasonings,,14
kalamata olive,Pantry,,14
lamb loin chop,Meat,,14
lasagne noodle,Pantry,,14
lo mein noodle,Pantry,,14
marcona almond,Snacks & Dips,,14
marinara sauce,Pantry,,14
milk chocolate,Snacks & Dips,,14
mustard powder,Spices and Seasonings,,14
olive tapenade,Pantry,,14
onion soup mix,Pantry,,14
orange liqueur,Pantry,,14
pickled daikon,Pantry,,14
pickled ginger,Pantry,,14
protein powder,Pantry,,14
ranch dressing,Pantry,,14
roasted almond,Snacks & Dips,,14
roasted cashew,Snacks & Dips,,14
roasted peanut,Snacks & Dips,,14
roasted pepper,Pantry,,14
salad dressing,Pantry,,14
sandwich bread,Bread & Bakery,,14
sauvignon blan,Pantry,,14
seabass fillet,Seafood,,14
semolina flour,Pantry,,14
serrano pepper,Produce,,14
sherry vinegar,Pantry,,14
smoked paprika,Spices and Seasonings,,14
sriracha sauce,Pantry,,14
stir fry sauce,Pantry,,14
sunflower seed,Snacks & Dips,,14
taco seasoning,Pantry,,14
tamarind juice,Pantry,,14
tamarind paste,Pantry,,14
tapioca starch,Pantry,,14
teriyaki sauce,Pantry,,14
water chestnut,Pantry,,14
whipping cream,Dairy & Eggs,,14
wonton wrapper,Frozen,,14
yellow mustard,Pantry,,14
yellowfin tuna,Seafood,,14
achiote paste,Pantry,,13
alfredo sauce,Pantry,,13
almond butter,Pantry,,13
anchovy paste,Pantry,,13
arame seaweed,Pantry,,13
asiago cheese,Dairy & Eggs,,13
baked oatmeal,Pantry,,13
baking powder,Pantry,,13
banana leaves,Pantry,,13
beef bouillon,Pantry,,13
blackeyed pea,Pantry,,13
bouquet garni,Produce,,13
bow tie pasta,Pantry,,13
canned salmon,Pantry,,13
canned tomato,Pantry,,13
caper berries,Pantry,,13
caramel sauce,Pantry,,13
chicken broth,Pantry,,13
chicken stock,Pantry,,13
chicken thigh,Meat,,13
ciabatta roll,Bread & Bakery,,13
cider vinegar,Pantry,,13
coconut cream,Pantry,,13
coconut flake,Pantry,,13
coconut water,Beverages,,13
collard green,Produce,,13
corn tortilla,Pantry,,13
country bread,Bread & Bakery,,13
cracked wheat,Pantry,,13
creme fraiche,Dairy & Eggs,,13
crescent roll,Snacks & Dips,,13
dijon mustard,Pantry,,13
dried apricot,Snacks & Dips,,13
dried parsley,Spices and Seasonings,,13
egg roll wrap,Frozen,,13
fennel pollen,Pantry,,13
french lentil,Pantry,,13
garbanzo bean,Pantry,,13
garlic powder,Spices and Seasonings,,13
ginger powder,Spices and Seasonings,,13
golden raisin,Snacks & Dips,,13
grain mustard,Pantry,,13
grand marnier,Pantry,,13
grapeseed oil,Pantry,,13
ground fennel,Spices and Seasonings,,13
ground ginger,Spices and Seasonings,,13
ground nutmeg,Spices and Seasonings,,13
ground pepper,Spices and Seasonings,,13
ground turkey,Meat,,13
half and half,Dairy & Eggs,,13
hamburger bun,Bread & Bakery,,13
honey mustard,Pantry,,13
italian bread,Bread & Bakery,,13
lamb rib chop,Meat,,13
lamb shoulder,Meat,,13
lucuma powder,Pantry,,13
macadamia nut,Snacks & Dips,,13
mango chutney,Pantry,,13
monterey jack,Dairy & Eggs,,13
niçoise olive,Pantry,,13
orange roughy,Seafood,,13
osetra caviar,Pantry,,13
paneer cheese,Pantry,,13
peanut butter,Pantry,,13
pearl tapioca,Pantry,,13
picante sauce,Pantry,,13
pickle relish,Pantry,,13
pico de gallo,Pantry,,13
pistachio oil,Pantry,,13
pork shoulder,Meat,,13
potato starch,Pantry,,13
rainbow trout,Seafood,,13
raspberry jam,Pantry,,13
rice bran oil,Pantry,,13
safflower oil,Pantry,,13
salmon fillet,Seafood,,13
sandwich roll,Bread & Bakery,,13
scotch bonnet,Pantry,,13
seasoning mix,Spices and Seasonings,,13
serrano chile,Produce,,13
sesame tahini,Pantry,,13
sirloin steak,Meat,,13
smoked salmon,Seafood,,13
sorghum flour,Pantry,,13
soybean flour,Pantry,,13
soybean paste,Pantry,,13
steel cut oat,Pantry,,13
stewed tomato,Pantry,,13
sunflower oil,Pantry,,13
tabasco sauce,Pantry,,13
tamarind pulp,Pantry,,13
tapioca flour,Pantry,,13
thin baguette,Bread & Bakery,,13
tortilla chip,Snacks & Dips,,13
tuna in water,Pantry,,13
turkey breast,Meat,,13
vanilla paste,Pantry,,13
vanilla wafer,Snacks & Dips,,13
vegetable oil,Pantry,,13
walnut pieces,Pantry,,13
yellow pepper,Produce,,13
achiote seed,Pantry,,12
agave nectar,Pantry,,12
aji amarillo,Produce,,12
apple butter,Pantry,,12
arborio rice,Pantry,,12
bamboo shoot,Pantry,,12
basmati rice,Pantry,,12
beef brisket,Meat,,12
black lentil,Pantry,,12
black pepper,Spices and Seasonings,,12
black quinoa,Pantry,,12
blackberries,Produce,,12
bonito flake,Pantry,,12
brown lentil,Pantry,,12
cacao powder,Pantry,,12
caraway seed,Spices and Seasonings,,12
carob powder,Pantry,,12
carrot juice,Beverages,,12
cherry juice,Beverages,,12
chicken base,Pantry,,12
chicken wing,Meat,,12
chile pepper,Produce,,12
chili powder,Spices and Seasonings,,12
chunky salsa,Pantry,,12
cocoa powder,Pantry,,12
coconut milk,Dairy & Eggs,,12
cream cheese,Dairy & Eggs,,12
creamed corn,Pantry,,12
crusty bread,Bread & Bakery,,12
curly endive,Produce,,12
curry leaves,Pantry,,12
curry powder,Spices and Seasonings,,12
diced tomato,Pantry,,12
dried lentil,Pantry,,12
fleur de sel,Spices and Seasonings,,12
french bread,Bread & Bakery,,12
french fries,Frozen,,12
garam masala,Spices and Seasonings,,12
garlic paste,Pantry,,12
garlic sauce,Pantry,,12
ginger juice,Pantry,,12
ginger paste,Pantry,,12
goji berries,Pantry,,12
grape leaves,Pantry,,12
greek yogurt,Dairy & Eggs,,12
green lentil,Pantry,,12
green pepper,Produce,,12
ground chuck,Meat,,12
ground clove,Spices and Seasonings,,12
ground cumin,Spices and Seasonings,,12
ground sumac,Pantry,,12
hazelnut oil,Pantry,,12
hemp protein,Pantry,,12
hoisin sauce,Pantry,,12
jasmine rice,Pantry,,12
lemon pepper,Spices and Seasonings,,12
lobster meat,Seafood,,12
malt vinegar,Pantry,,12
mango nectar,Beverages,,12
medjool date,Snacks & Dips,,12
miracle whip,Pantry,,12
mustard seed,Spices and Seasonings,,12
onion powder,Spices and Seasonings,,12
orange juice,Beverages,,12
oyster sauce,Pantry,,12
peach nectar,Beverages,,12
peanut sauce,Pantry,,12
pearl barley,Pantry,,12
pepper sauce,Pantry,,12
pickle juice,Pantry,,12
pickled beet,Pantry,,12
pinot grigio,Pantry,,12
plum vinegar,Pantry,,12
pork sausage,Meat,,12
potato salad,Snacks & Dips,,12
pumpernickel,Bread & Bakery,,12
pumpkin seed,Snacks & Dips,,12
quinoa flake,Pantry,,12
rack of lamb,Meat,,12
ramen noodle,Pantry,,12
reeses piece,Snacks & Dips,,12
refried bean,Pantry,,12
ribeye steak,Meat,,12
rice vinegar,Pantry,,12
risotto rice,Pantry,,12
ritz cracker,Snacks & Dips,,12
salmon steak,Seafood,,12
sambal oelek,Pantry,,12
sandwich bun,Bread & Bakery,,12
sausage link,Meat,,12
sesame sauce,Pantry,,12
smoked trout,Seafood,,12
strawberries,Produce,,12
stuffing mix,Pantry,,12
sweet pickle,Pantry,,12
sweet potato,Produce,,12
swiss cheese,Dairy & Eggs,,12
tartar sauce,Pantry,,12
tomato juice,Beverages,,12
tomato paste,Pantry,,12
tomato puree,Pantry,,12
tomato salsa,Pantry,,12
tomato sauce,Pantry,,12
trout fillet,Seafood,,12
turkey bacon,Meat,,12
turkey stock,Pantry,,12
turnip green,Produce,,12
veggie broth,Pantry,,12
wheatberries,Pantry,,12
white pepper,Spices and Seasonings,,12
wine vinegar,Pantry,,12
adobo sauce,Pantry,,11
adzuki bean,Pantry,,11
almond milk,Dairy & Eggs,,11
ancho chile,Pantry,,11
apple cider,Beverages,,11
apple jelly,Pantry,,11
apple juice,Beverages,,11
apricot jam,Pantry,,11
avocado oil,Pantry,,11
baking soda,Pantry,,11
basil pesto,Pantry,,11
bean sprout,Produce,,11
bell pepper,Produce,,11
black olive,Pantry,,11
blue cheese,Dairy & Eggs,,11
blueberries,Produce,,11
bread crumb,Pantry,,11
bread dough,Frozen,,11
bread flour,Pantry,,11
brown sugar,Pantry,,11
brownie mix,Pantry,,11
butter bean,Pantry,,11
canned beet,Pantry,,11
canned tuna,Pantry,,11
cauliflower,Produce,,11
cedar plank,Pantry,,11
celery root,Produce,,11
celery salt,Spices and Seasonings,,11
celery seed,Spices and Seasonings,,11
chicken leg,Meat,,11
chile paste,Pantry,,11
chile sauce,Pantry,,11
chili flake,Pantry,,11
chili paste,Pantry,,11
chili sauce,Pantry,,11
chuck roast,Meat,,11
coconut oil,Pantry,,11
cooking oil,Pantry,,11
corn cereal,Pantry,,11
corn starch,Pantry,,11
corned beef,Meat,,11
cornish hen,Meat,,11
cranberries,Produce,,11
curry paste,Pantry,,11
dill pickle,Pantry,,11
dried basil,Spices and Seasonings,,11
dried thyme,Spices and Seasonings,,11
duck breast,Meat,,11
fennel seed,Spices and Seasonings,,11
feta cheese,Dairy & Eggs,,11
file powder,Pantry,,11
fish fillet,Seafood,,11
flank steak,Meat,,11
fried onion,Pantry,,11
garlic salt,Spices and Seasonings,,11
ginger beer,Beverages,,11
goat cheese,Dairy & Eggs,,11
grain bread,Bread & Bakery,,11
grape juice,Beverages,,11
greek olive,Pantry,,11
green olive,Pantry,,11
green onion,Produce,,11
ground beef,Meat,,11
ground lamb,Meat,,11
ground pork,Meat,,11
ground veal,Meat,,11
heavy cream,Dairy & Eggs,,11
hoagie roll,Bread & Bakery,,11
horseradish,Pantry,,11
hot dog bun,Bread & Bakery,,11
kaiser roll,Bread & Bakery,,11
kernel corn,Produce,,11
kidney bean,Pantry,,11
leg of lamb,Meat,,11
lemon juice,Pantry,,11
lime leaves,Pantry,,11
maca powder,Pantry,,11
maple sugar,Pantry,,11
maple syrup,Pantry,,11
marshmallow,Pantry,,11
masa harina,Pantry,,11
orecchiette,Pantry,,11
pappardelle,Pantry,,11
pasta sauce,Pantry,,11
pasta shell,Pantry,,11
pear nectar,Beverages,,11
penne pasta,Pantry,,11
pizza dough,Frozen,,11
pomegranate,Produce,,11
ponzu sauce,Pantry,,11
potato chip,Snacks & Dips,,11
puff pastry,Frozen,,11
red snapper,Seafood,,11
rice cereal,Pantry,,11
rice noodle,Pantry,,11
salad green,Produce,,11
salsa verde,Pantry,,11
satay sauce,Pantry,,11
sesame seed,Pantry,,11
shiso leave,Produce,,11
silken tofu,Snacks & Dips,,11
skirt steak,Meat,,11
soba noodle,Pantry,,11
soppressata,Meat,,11
spelt flour,Pantry,,11
string bean,Produce,,11
swiss chard,Produce,,11
tagliatelle,Pantry,,11
truffle oil,Pantry,,11
udon noodle,Pantry,,11
vinaigrette,Pantry,,11
wheat flour,Pantry,,11
white bread,Bread & Bakery,,11
wonton wrap,Frozen,,11
xantham gum,Pantry,,11
xanthan gum,Pantry,,11
yacon syrup,Pantry,,11
yellow miso,Pantry,,11
applesauce,Pantry,,10
baby green,Produce,,10
bagel chip,Snacks & Dips,,10
baked bean,Pantry,,10
baking mix,Pantry,,10
bay leaves,Spices and Seasonings,,10
bean paste,Pantry,,10
beef broth,Pantry,,10
beef stock,Pantry,,10
black bean,Pantry,,10
boquerones,Seafood,,10
breadcrumb,Pantry,,10
broad bean,Pantry,,10
brown rice,Pantry,,10
burger bun,Bread & Bakery,,10
buttermilk,Dairy & Eggs,,10
cake flour,Pantry,,10
cane sugar,Pantry,,10
canola oil,Pantry,,10
cantaloupe,Produce,,10
chardonnay,Pantry,,10
clam juice,Pantry,,10
clementine,Produce,,10
coco lopez,Pantry,,10
cod fillet,Seafood,,10
colby jack,Dairy & Eggs,,10
corn flake,Bread & Bakery,,10
corn flour,Pantry,,10
corn syrup,Pantry,,10
cornstarch,Pantry,,10
cream soda,Beverages,,10
demi glace,Pantry,,10
dried dill,Spices and Seasonings,,10
egg noodle,Pantry,,10
fettuccine,Pantry,,10
fish sauce,Pantry,,10
fish stock,Pantry,,10
five spice,Pantry,,10
food color,Pantry,,10
garlic oil,Pantry,,10
ginger ale,Beverages,,10
gorgonzola,Dairy & Eggs,,10
green bean,Produce,,10
gumbo file,Pantry,,10
kecap mani,Pantry,,10
lamb shank,Meat,,10
lamb stock,Pantry,,10
lemon curd,Pantry,,10
lime juice,Pantry,,10
mascarpone,Dairy & Eggs,,10
matzo meal,Pantry,,10
mayonnaise,Pantry,,10
mila flour,Pantry,,10
mint jelly,Pantry,,10
miso paste,Pantry,,10
mozzarella,Dairy & Eggs,,10
nut butter,Pantry,,10
orzo pasta,Pantry,,10
palm sugar,Pantry,,10
peanut oil,Pantry,,10
peppercorn,Spices and Seasonings,,10
pigeon pea,Pantry,,10
pinot noir,Pantry,,10
pinto bean,Pantry,,10
plum sauce,Pantry,,10
poppy seed,Pantry,,10
pork belly,Meat,,10
pork roast,Meat,,10
portobello,Produce,,10
potsticker,Frozen,,10
pound cake,Bread & Bakery,,10
prosciutto,Meat,,10
purple yam,Produce,,10
puy lentil,Pantry,,10
rice flour,Pantry,,10
rice paper,Pantry,,10
roast beef,Meat,,10
rolled oat,Pantry,,10
rose water,Pantry,,10
sauerkraut,Pantry,,10
sesame oil,Pantry,,10
shiro miso,Pantry,,10
shortening,Pantry,,10
soda water,Beverages,,10
sour cream,Dairy & Eggs,,10
spring mix,Produce,,10
sushi rice,Pantry,,10
thai chile,Pantry,,10
thai chili,Pantry,,10
triple sec,Pantry,,10
tuna steak,Seafood,,10
veal stock,Pantry,,10
walnut oil,Pantry,,10
watercress,Produce,,10
watermelon,Produce,,10
wheat germ,Pantry,,10
white wine,Pantry,,10
yucca root,Produce,,10
yuzu juice,Pantry,,10
arrowroot,Pantry,,9
artichoke,Produce,,9
asparagus,Produce,,9
aubergine,Produce,,9
baby corn,Produce,,9
bean curd,Snacks & Dips,,9
black cod,Seafood,,9
buckwheat,Pantry,,9
cacao nib,Pantry,,9
candlenut,Pantry,,9
champagne,Pantry,,9
chana dal,Pantry,,9
chia seed,Pantry,,9
chili oil,Pantry,,9
chocolate,Pantry,,9
club soda,Beverages,,9
cocoa nib,Pantry,,9
coriander,Produce,,9
corn chip,Snacks & Dips,,9
cornbread,Bread & Bakery,,9
cornflour,Pantry,,9
croissant,Bread & Bakery,,9
dried fig,Snacks & Dips,,9
dry cider,Pantry,,9
dry yeast,Pantry,,9
fava bean,Pantry,,9
firm tofu,Pantry,,9
flatbread,Bread & Bakery,,9
gochugaru,Pantry,,9
gochujang,Pantry,,9
guacamole,Snacks & Dips,,9
hemp seed,Pantry,,9
hot sauce,Pantry,,9
ice cream,Frozen,,9
lamb chop,Meat,,9
lemon oil,Pantry,,9
lima bean,Pantry,,9
lime zest,Pantry,,9
mahi mahi,Seafood,,9
margarine,Dairy & Eggs,,9
moong dal,Pantry,,9
mung bean,Pantry,,9
navy bean,Pantry,,9
nectarine,Produce,,9
olive oil,Pantry,,9
onion dip,Snacks & Dips,,9
pepperoni,Meat,,9
pie crust,Snacks & Dips,,9
pie dough,Snacks & Dips,,9
pineapple,Produce,,9
pink salt,Pantry,,9
pistachio,Snacks & Dips,,9
pita chip,Snacks & Dips,,9
pork chop,Meat,,9
pork loin,Meat,,9
pork rind,Snacks & Dips,,9
provolone,Dairy & Eggs,,9
raw honey,Pantry,,9
rice cake,Snacks & Dips,,9
rice wine,Pantry,,9
romanesco,Produce,,9
rosewater,Pantry,,9
rye bread,Bread & Bakery,,9
rye flour,Pantry,,9
sablefish,Seafood,,9
seasoning,Spices and Seasonings,,9
sourdough,Bread & Bakery,,9
soy sauce,Pantry,,9
spaghetti,Pantry,,9
spirulina,Pantry,,9
sprinkles,Pantry,,9
sweetener,Pantry,,9
swordfish,Seafood,,9
tangerine,Produce,,9
tofu skin,Pantry,,9
tomatillo,Produce,,9
wild rice,Pantry,,9
zinfandel,Pantry,,9
allspice,Spices and Seasonings,,8
amaranth,Pantry,,8
amaretto,Pantry,,8
baguette,Bread & Bakery,,8
bay leaf,Spices and Seasonings,,8
bok choy,Produce,,8
broccoli,Produce,,8
bucatini,Pantry,,8
burgundy,Pantry,,8
cake mix,Pantry,,8
calamari,Seafood,,8
calvados,Pantry,,8
capsicum,Produce,,8
cardamom,Spices and Seasonings,,8
celeriac,Produce,,8
cherries,Produce,,8
chestnut,Produce,,8
chex mix,Snacks & Dips,,8
chickpea,Pantry,,8
ciabatta,Bread & Bakery,,8
cilantro,Produce,,8
cinnamon,Spices and Seasonings,,8
coleslaw,Produce,,8
corn oil,Pantry,,8
cornmeal,Pantry,,8
couscous,Pantry,,8
crabmeat,Seafood,,8
crawfish,Seafood,,8
crostini,Bread & Bakery,,8
croutons,Pantry,,8
cucumber,Produce,,8
dressing,Pantry,,8
duck leg,Meat,,8
eggplant,Produce,,8
escargot,Pantry,,8
escarole,Produce,,8
eyed pea,Pantry,,8
farfalle,Pantry,,8
flax oil,Pantry,,8
flaxseed,Pantry,,8
focaccia,Bread & Bakery,,8
gomashio,Pantry,,8
guar gum,Pantry,,8
habanero,Pantry,,8
halloumi,Dairy & Eggs,,8
hazelnut,Pantry,,8
honeydew,Produce,,8
hp sauce,Pantry,,8
jalapeno,Produce,,8
kielbasa,Meat,,8
kohlrabi,Produce,,8
lavender,Pantry,,8
lemonade,Beverages,,8
linguine,Pantry,,8
mackerel,Seafood,,8
mandarin,Produce,,8
marinade,Pantry,,8
marjoram,Spices and Seasonings,,8
meatball,Meat,,8
molasses,Pantry,,8
mushroom,Produce,,8
palm oil,Pantry,,8
pancetta,Meat,,8
parmesan,Dairy & Eggs,,8
pecorino,Dairy & Eggs,,8
piecrust,Snacks & Dips,,8
red miso,Pantry,,8
red wine,Pantry,,8
riesling,Pantry,,8
rigatoni,Pantry,,8
rosemary,Spices and Seasonings,,8
rutabaga,Produce,,8
scallion,Produce,,8
shaoxing,Pantry,,8
sriracha,Pantry,,8
tamarind,Pantry,,8
tarragon,Spices and Seasonings,,8
toor dal,Pantry,,8
tortilla,Bread & Bakery,,8
tostadas,Pantry,,8
turmeric,Spices and Seasonings,,8
vermouth,Pantry,,8
wax bean,Produce,,8
zucchini,Produce,,8
alfalfa,Produce,,7
anaheim,Produce,,7
annatto,Pantry,,7
apricot,Produce,,7
arugula,Produce,,7
avocado,Produce,,7
bourbon,Pantry,,7
brioche,Bread & Bakery,,7
buckeye,Pantry,,7
burdock,Produce,,7
burrata,Dairy & Eggs,,7
cabbage,Produce,,7
cardoon,Produce,,7
cassava,Produce,,7
catfish,Seafood,,7
cayenne,Spices and Seasonings,,7
challah,Bread & Bakery,,7
chayote,Produce,,7
cheddar,Dairy & Eggs,,7
chervil,Produce,,7
chicken,Meat,,7
chorizo,Meat,,7
cracker,Snacks & Dips,,7
cremini,Produce,,7
cupcake,Bread & Bakery,,7
currant,Produce,,7
edamame,Frozen,,7
fig jam,Pantry,,7
fontina,Dairy & Eggs,,7
gelatin,Pantry,,7
gherkin,Pantry,,7
gnocchi,Pantry,,7
granola,Pantry,,7
grouper,Seafood,,7
gruyere,Dairy & Eggs,,7
haddock,Seafood,,7
haricot,Produce,,7
harissa,Pantry,,7
hibiscu,Pantry,,7
hot dog,Meat,,7
ketchup,Pantry,,7
kumquat,Produce,,7
lasagne,Pantry,,7
lettuce,Produce,,7
limeade,Beverages,,7
liqueur,Pantry,,7
lobster,Seafood,,7
madeira,Pantry,,7
marsala,Pantry,,7
mustard,Pantry,,7
nam pla,Pantry,,7
oatmeal,Pantry,,7
octopus,Seafood,,7
oregano,Spices and Seasonings,,7
paprika,Spices and Seasonings,,7
parsley,Spices and Seasonings,,7
parsnip,Produce,,7
pastina,Pantry,,7
pepitas,Snacks & Dips,,7
polenta,Pantry,,7
popcorn,Snacks & Dips,,7
pretzel,Snacks & Dips,,7
pumpkin,Produce,,7
rhubarb,Produce,,7
ricotta,Dairy & Eggs,,7
romaine,Produce,,7
rosehip,Pantry,,7
saffron,Spices and Seasonings,,7
sardine,Seafood,,7
sausage,Meat,,7
scallop,Seafood,,7
seabass,Seafood,,7
seltzer,Beverages,,7
shallot,Produce,,7
sorghum,Pantry,,7
soybean,Pantry,,7
spinach,Produce,,7
sucanat,Pantry,,7
sultana,Snacks & Dips,,7
tabasco,Pantry,,7
tapioca,Pantry,,7
tequila,Pantry,,7
tilapia,Seafood,,7
vanilla,Pantry,,7
vidalia,Produce,,7
vinegar,Pantry,,7
whiskey,Pantry,,7
almond,Pantry,,6
banana,Produce,,6
barley,Pantry,,6
brandy,Pantry,,6
bulgur,Pantry,,6
butter,Dairy & Eggs,,6
carrot,Produce,,6
cashew,Snacks & Dips,,6
caviar,Pantry,,6
celery,Produce,,6
cheese,Dairy & Eggs,,6
cherry,Produce,,6
chiles,Produce,,6
citrus,Produce,,6
cognac,Pantry,,6
cookie,Snacks & Dips,,6
daikon,Produce,,6
douchi,Pantry,,6
fennel,Produce,,6
frisee,Produce,,6
frozen,Frozen,,6
garlic,Produce,,6
ginger,Produce,,6
hijiki,Pantry,,6
hoisin,Pantry,,6
hummus,Snacks & Dips,,6
jicama,Produce,,6
kimchi,Pantry,,6
lentil,Pantry,,6
liquor,Pantry,,6
merlot,Pantry,,6
millet,Pantry,,6
muffin,Bread & Bakery,,6
mussel,Seafood,,6
noodle,Pantry,,6
nopale,Pantry,,6
nutmeg,Spices and Seasonings,,6
orange,Produce,,6
oxtail,Meat,,6
oyster,Seafood,,6
paneer,Pantry,,6
papaya,Produce,,6
peanut,Snacks & Dips,,6
pepper,Produce,,6
pernod,Pantry,,6
pickle,Pantry,,6
potato,Produce,,6
prawns,Seafood,,6
quince,Produce,,6
quinoa,Pantry,,6
radish,Produce,,6
raisin,Snacks & Dips,,6
salami,Meat,,6
salmon,Seafood,,6
seitan,Snacks & Dips,,6
sherry,Pantry,,6
shrimp,Seafood,,6
sorbet,Frozen,,6
squash,Produce,,6
stevia,Pantry,,6
tahini,Pantry,,6
tamari,Pantry,,6
tomato,Produce,,6
turkey,Meat,,6
turnip,Produce,,6
wakame,Pantry,,6
walnut,Pantry,,6
wasabi,Pantry,,6
yogurt,Dairy & Eggs,,6
zaatar,Pantry,,6
agave,Pantry,,5
aioli,Pantry,,5
anise,Spices and Seasonings,,5
apple,Produce,,5
bacon,Meat,,5
bagel,Bread & Bakery,,5
basil,Spices and Seasonings,,5
bread,Bread & Bakery,,5
broth,Pantry,,5
caper,Pantry,,5
chard,Produce,,5
chili,Pantry,,5
chive,Produce,,5
clove,Spices and Seasonings,,5
cocoa,Pantry,,5
cream,Dairy & Eggs,,5
cumin,Spices and Seasonings,,5
dashi,Pantry,,5
dough,Frozen,,5
dulse,Pantry,,5
farro,Pantry,,5
flour,Pantry,,5
gouda,Dairy & Eggs,,5
grape,Produce,,5
grits,Pantry,,5
honey,Pantry,,5
jamon,Meat,,5
juice,Beverages,,5
kamut,Pantry,,5
kefir,Dairy & Eggs,,5
kombu,Pantry,,5
korma,Pantry,,5
lemon,Produce,,5
mango,Produce,,5
matzo,Pantry,,5
mirin,Pantry,,5
olive,Pantry,,5
onion,Produce,,5
panko,Pantry,,5
pasta,Pantry,,5
peach,Produce,,5
pecan,Snacks & Dips,,5
penne,Pantry,,5
pesto,Pantry,,5
ponzu,Pantry,,5
prune,Snacks & Dips,,5
salsa,Pantry,,5
sauce,Pantry,,5
shiso,Produce,,5
shoyu,Pantry,,5
spelt,Pantry,,5
spice,Spices and Seasonings,,5
squid,Seafood,,5
steak,Meat,,5
stock,Pantry,,5
stout,Pantry,,5
sugar,Pantry,,5
sumac,Pantry,,5
thyme,Spices and Seasonings,,5
toast,Bread & Bakery,,5
vodka,Pantry,,5
water,Beverages,,5
yeast,Pantry,,5
agar,Pantry,,4
bass,Seafood,,4
bean,Pantry,,4
beef,Meat,,4
beer,Pantry,,4
beet,Produce,,4
brie,Dairy & Eggs,,4
cake,Bread & Bakery,,4
clam,Seafood,,4
cola,Beverages,,4
corn,Produce,,4
crab,Seafood,,4
date,Snacks & Dips,,4
dill,Produce,,4
duck,Meat,,4
fish,Seafood,,4
ghee,Pantry,,4
kale,Produce,,4
kelp,Pantry,,4
kiwi,Produce,,4
lamb,Meat,,4
leek,Produce,,4
lime,Produce,,4
maca,Pantry,,4
mayo,Pantry,,4
milk,Dairy & Eggs,,4
mint,Spices and Seasonings,,4
miso,Pantry,,4
naan,Pantry,,4
nori,Pantry,,4
okra,Produce,,4
oreo,Snacks & Dips,,4
orzo,Pantry,,4
pear,Produce,,4
pita,Bread & Bakery,,4
plum,Produce,,4
pork,Meat,,4
rice,Pantry,,4
sage,Spices and Seasonings,,4
sake,Pantry,,4
salt,Spices and Seasonings,,4
soba,Pantry,,4
sole,Seafood,,4
tofu,Snacks & Dips,,4
tuna,Seafood,,4
wine,Pantry,,4
wrap,Bread & Bakery,,4
yuzu,Beverages,,4
ziti,Pantry,,4
bun,Bread & Bakery,,3
egg,Dairy & Eggs,,3
fig,Produce,,3
gin,Pantry,,3
ham,Meat,,3
jam,Pantry,,3
nut,Snacks & Dips,,3
oat,Pantry,,3
oil,Pantry,,3
pea,Pantry,,3
rib,Meat,,3
rum,Pantry,,3
yam,Produce,,3
